-- phpMyAdmin SQL Dump
-- version 4.9.0.1
-- https://www.phpmyadmin.net/
--
-- Host: 127.0.0.1
-- Waktu pembuatan: 31 Bulan Mei 2020 pada 04.32
-- Versi server: 10.4.6-MariaDB
-- Versi PHP: 7.3.9

SET SQL_MODE = "NO_AUTO_VALUE_ON_ZERO";
SET AUTOCOMMIT = 0;
START TRANSACTION;
SET time_zone = "+00:00";


/*!40101 SET @OLD_CHARACTER_SET_CLIENT=@@CHARACTER_SET_CLIENT */;
/*!40101 SET @OLD_CHARACTER_SET_RESULTS=@@CHARACTER_SET_RESULTS */;
/*!40101 SET @OLD_COLLATION_CONNECTION=@@COLLATION_CONNECTION */;
/*!40101 SET NAMES utf8mb4 */;

--
-- Database: `ngerental`
--

-- --------------------------------------------------------

--
-- Struktur dari tabel `admin`
--

CREATE TABLE `admin` (
  `id_admin` int(4) NOT NULL,
  `nama` varchar(30) NOT NULL,
  `email` varchar(30) NOT NULL,
  `alamat` varchar(50) NOT NULL,
  `telp` varchar(12) NOT NULL,
  `username` varchar(15) NOT NULL,
  `password` varchar(32) NOT NULL
) ENGINE=InnoDB DEFAULT CHARSET=latin1;

--
-- Dumping data untuk tabel `admin`
--

INSERT INTO `admin` (`id_admin`, `nama`, `email`, `alamat`, `telp`, `username`, `password`) VALUES
(1, 'admin', 'admin@gmail.com', 'Jogja', '08123456789', 'admin', '21232f297a57a5a743894a0e4a801fc3');

-- --------------------------------------------------------

--
-- Struktur dari tabel `detail_transaksi`
--

CREATE TABLE `detail_transaksi` (
  `id_detail` int(11) NOT NULL,
  `id_transaksi` int(11) NOT NULL,
  `id_supir` int(11) NOT NULL,
  `jasa_supir` int(7) NOT NULL
) ENGINE=InnoDB DEFAULT CHARSET=latin1;

-- --------------------------------------------------------

--
-- Struktur dari tabel `jenis`
--

CREATE TABLE `jenis` (
  `id_jenis` int(4) NOT NULL,
  `nama` varchar(30) NOT NULL
) ENGINE=InnoDB DEFAULT CHARSET=latin1;

--
-- Dumping data untuk tabel `jenis`
--

INSERT INTO `jenis` (`id_jenis`, `nama`) VALUES
(1, 'MPV'),
(2, 'SUV'),
(3, 'Sedan'),
(4, 'City Car'),
(5, 'Double Cabin');

-- --------------------------------------------------------

--
-- Struktur dari tabel `konfirmasi`
--

CREATE TABLE `konfirmasi` (
  `id_konfirmasi` int(11) NOT NULL,
  `id_transaksi` int(11) NOT NULL,
  `bukti` varchar(100) NOT NULL
) ENGINE=InnoDB DEFAULT CHARSET=latin1;

--
-- Dumping data untuk tabel `konfirmasi`
--

INSERT INTO `konfirmasi` (`id_konfirmasi`, `id_transaksi`, `bukti`) VALUES
(6, 7, '301052020173038.jpg'),
(7, 8, '312052020230412.png');

-- --------------------------------------------------------

--
-- Struktur dari tabel `mobil`
--

CREATE TABLE `mobil` (
  `id_mobil` int(11) NOT NULL,
  `id_jenis` int(4) NOT NULL,
  `no_mobil` varchar(10) NOT NULL,
  `merk` varchar(20) NOT NULL,
  `nama_mobil` varchar(30) NOT NULL,
  `gambar` varchar(100) NOT NULL,
  `harga` int(7) NOT NULL,
  `status` enum('0','1') NOT NULL
) ENGINE=InnoDB DEFAULT CHARSET=latin1;

--
-- Dumping data untuk tabel `mobil`
--

INSERT INTO `mobil` (`id_mobil`, `id_jenis`, `no_mobil`, `merk`, `nama_mobil`, `gambar`, `harga`, `status`) VALUES
(1, 1, 'F 3134 RI', 'Toyota', 'Avanza', '03012020235744.jpg', 500000, '1'),
(3, 1, 'F 69 SX', 'Nissan', 'Grand Livina', '04012020000026.jpg', 510000, '0'),
(5, 4, 'F 1111 IL', 'Honda', 'Jazz', '04012020000301.jpg', 600000, '1'),
(6, 3, 'F 456 UV', 'Honda', 'Civic', '04012020000521.jpg', 650000, '1'),
(7, 2, 'F 44 X', 'Mitsubishi', 'Pajero Sport', '04012020000701.jpg', 700000, '1'),
(8, 5, 'F 9821 YBY', 'Ford', 'Ranger', '04012020001126.jpg', 710000, '1'),
(9, 3, 'T 35 LA', 'Tesla', 'Model X', '04012020001437.jpg', 780000, '1'),
(10, 2, 'A 145 ZW', 'Wuling', 'Almaz', '04012020001710.jpg', 680000, '1');

-- --------------------------------------------------------

--
-- Struktur dari tabel `pelanggan`
--

CREATE TABLE `pelanggan` (
  `id_pelanggan` int(11) NOT NULL,
  `no_ktp` char(16) NOT NULL,
  `nama` varchar(30) NOT NULL,
  `email` varchar(30) NOT NULL,
  `no_telp` char(12) NOT NULL,
  `alamat` varchar(50) DEFAULT NULL,
  `username` varchar(10) NOT NULL,
  `password` varchar(32) NOT NULL
) ENGINE=InnoDB DEFAULT CHARSET=latin1;

--
-- Dumping data untuk tabel `pelanggan`
--

INSERT INTO `pelanggan` (`id_pelanggan`, `no_ktp`, `nama`, `email`, `no_telp`, `alamat`, `username`, `password`) VALUES
(3, '316182931219', 'Diki Hendriyanto', 'diki@gmail.com', '085711106211', 'Bekasi', 'diki', '43b93443937ea642a9a43e77fd5d8f77'),
(4, '316182931222', 'Felix Andreas', 'felix345@gmail.com', '081264537865', 'Bekasi', 'felix', '25779f8829ab7a7650e85a4cc871e6ac'),
(5, '0316272643723', 'Fairuz Labib', 'fairuz@gmail.com', '081263547283', 'Cikarang', 'fairuz', '408e631e9f27e96802d349725a0e979d');

-- --------------------------------------------------------

--
-- Struktur dari tabel `supir`
--

CREATE TABLE `supir` (
  `id_supir` int(11) NOT NULL,
  `nama` varchar(30) NOT NULL,
  `telp` varchar(12) NOT NULL,
  `alamat` varchar(50) NOT NULL,
  `status` enum('0','1') NOT NULL
) ENGINE=InnoDB DEFAULT CHARSET=latin1;

--
-- Dumping data untuk tabel `supir`
--

INSERT INTO `supir` (`id_supir`, `nama`, `telp`, `alamat`, `status`) VALUES
(2, 'Rendi Pandugo', '081286357497', 'Bandung', '1'),
(3, 'Jumanji', '085761524372', 'Bogor', '1');

-- --------------------------------------------------------

--
-- Struktur dari tabel `transaksi`
--

CREATE TABLE `transaksi` (
  `id_transaksi` int(11) NOT NULL,
  `id_pelanggan` int(11) NOT NULL,
  `id_mobil` int(11) NOT NULL,
  `tgl_sewa` datetime NOT NULL,
  `tgl_ambil` datetime DEFAULT NULL,
  `tgl_kembali` datetime DEFAULT NULL,
  `lama` tinyint(1) NOT NULL,
  `total_harga` int(7) NOT NULL,
  `status` enum('0','1') NOT NULL,
  `jaminan` varchar(30) NOT NULL,
  `denda` int(7) DEFAULT 0,
  `jatuh_tempo` datetime NOT NULL,
  `konfirmasi` enum('0','1') DEFAULT NULL,
  `pembatalan` enum('0','1') DEFAULT NULL
) ENGINE=InnoDB DEFAULT CHARSET=latin1;

--
-- Dumping data untuk tabel `transaksi`
--

INSERT INTO `transaksi` (`id_transaksi`, `id_pelanggan`, `id_mobil`, `tgl_sewa`, `tgl_ambil`, `tgl_kembali`, `lama`, `total_harga`, `status`, `jaminan`, `denda`, `jatuh_tempo`, `konfirmasi`, `pembatalan`) VALUES
(7, 3, 1, '2020-05-01 17:18:26', '2020-05-03 17:18:26', '2020-05-11 20:00:00', 3, 1500000, '1', 'STNK', 4270000, '2020-05-01 20:18:26', '1', '0'),
(8, 3, 3, '2020-05-12 23:02:55', '2020-05-13 23:02:55', NULL, 5, 2550000, '0', 'STNK', NULL, '2020-05-13 02:02:55', '1', '0');

--
-- Indexes for dumped tables
--

--
-- Indeks untuk tabel `admin`
--
ALTER TABLE `admin`
  ADD PRIMARY KEY (`id_admin`);

--
-- Indeks untuk tabel `detail_transaksi`
--
ALTER TABLE `detail_transaksi`
  ADD PRIMARY KEY (`id_detail`),
  ADD KEY `fk_transaksi` (`id_transaksi`),
  ADD KEY `fk_supir` (`id_supir`);

--
-- Indeks untuk tabel `jenis`
--
ALTER TABLE `jenis`
  ADD PRIMARY KEY (`id_jenis`);

--
-- Indeks untuk tabel `konfirmasi`
--
ALTER TABLE `konfirmasi`
  ADD PRIMARY KEY (`id_konfirmasi`),
  ADD KEY `fk_transaksi` (`id_transaksi`);

--
-- Indeks untuk tabel `mobil`
--
ALTER TABLE `mobil`
  ADD PRIMARY KEY (`id_mobil`),
  ADD KEY `fk_jenis` (`id_jenis`);

--
-- Indeks untuk tabel `pelanggan`
--
ALTER TABLE `pelanggan`
  ADD PRIMARY KEY (`id_pelanggan`);

--
-- Indeks untuk tabel `supir`
--
ALTER TABLE `supir`
  ADD PRIMARY KEY (`id_supir`);

--
-- Indeks untuk tabel `transaksi`
--
ALTER TABLE `transaksi`
  ADD PRIMARY KEY (`id_transaksi`),
  ADD KEY `fk_pelanggan` (`id_pelanggan`),
  ADD KEY `fk_mobil` (`id_mobil`);

--
-- AUTO_INCREMENT untuk tabel yang dibuang
--

--
-- AUTO_INCREMENT untuk tabel `admin`
--
ALTER TABLE `admin`
  MODIFY `id_admin` int(4) NOT NULL AUTO_INCREMENT, AUTO_INCREMENT=2;

--
-- AUTO_INCREMENT untuk tabel `detail_transaksi`
--
ALTER TABLE `detail_transaksi`
  MODIFY `id_detail` int(11) NOT NULL AUTO_INCREMENT, AUTO_INCREMENT=7;

--
-- AUTO_INCREMENT untuk tabel `jenis`
--
ALTER TABLE `jenis`
  MODIFY `id_jenis` int(4) NOT NULL AUTO_INCREMENT, AUTO_INCREMENT=6;

--
-- AUTO_INCREMENT untuk tabel `konfirmasi`
--
ALTER TABLE `konfirmasi`
  MODIFY `id_konfirmasi` int(11) NOT NULL AUTO_INCREMENT, AUTO_INCREMENT=8;

--
-- AUTO_INCREMENT untuk tabel `mobil`
--
ALTER TABLE `mobil`
  MODIFY `id_mobil` int(11) NOT NULL AUTO_INCREMENT, AUTO_INCREMENT=11;

--
-- AUTO_INCREMENT untuk tabel `pelanggan`
--
ALTER TABLE `pelanggan`
  MODIFY `id_pelanggan` int(11) NOT NULL AUTO_INCREMENT, AUTO_INCREMENT=6;

--
-- AUTO_INCREMENT untuk tabel `supir`
--
ALTER TABLE `supir`
  MODIFY `id_supir` int(11) NOT NULL AUTO_INCREMENT, AUTO_INCREMENT=4;

--
-- AUTO_INCREMENT untuk tabel `transaksi`
--
ALTER TABLE `transaksi`
  MODIFY `id_transaksi` int(11) NOT NULL AUTO_INCREMENT, AUTO_INCREMENT=15;

--
-- Ketidakleluasaan untuk tabel pelimpahan (Dumped Tables)
--

--
-- Ketidakleluasaan untuk tabel `detail_transaksi`
--
ALTER TABLE `detail_transaksi`
  ADD CONSTRAINT `detail_transaksi_ibfk_1` FOREIGN KEY (`id_transaksi`) REFERENCES `transaksi` (`id_transaksi`) ON DELETE CASCADE ON UPDATE CASCADE,
  ADD CONSTRAINT `detail_transaksi_ibfk_3` FOREIGN KEY (`id_supir`) REFERENCES `supir` (`id_supir`) ON DELETE CASCADE ON UPDATE CASCADE;

--
-- Ketidakleluasaan untuk tabel `konfirmasi`
--
ALTER TABLE `konfirmasi`
  ADD CONSTRAINT `konfirmasi_ibfk_1` FOREIGN KEY (`id_transaksi`) REFERENCES `transaksi` (`id_transaksi`) ON DELETE CASCADE ON UPDATE CASCADE;

--
-- Ketidakleluasaan untuk tabel `mobil`
--
ALTER TABLE `mobil`
  ADD CONSTRAINT `mobil_ibfk_1` FOREIGN KEY (`id_jenis`) REFERENCES `jenis` (`id_jenis`) ON DELETE CASCADE ON UPDATE CASCADE;

--
-- Ketidakleluasaan untuk tabel `transaksi`
--
ALTER TABLE `transaksi`
  ADD CONSTRAINT `transaksi_ibfk_1` FOREIGN KEY (`id_pelanggan`) REFERENCES `pelanggan` (`id_pelanggan`) ON DELETE CASCADE ON UPDATE CASCADE,
  ADD CONSTRAINT `transaksi_ibfk_2` FOREIGN KEY (`id_mobil`) REFERENCES `mobil` (`id_mobil`) ON DELETE NO ACTION ON UPDATE CASCADE;
COMMIT;

/*!40101 SET CHARACTER_SET_CLIENT=@OLD_CHARACTER_SET_CLIENT */;
/*!40101 SET CHARACTER_SET_RESULTS=@OLD_CHARACTER_SET_RESULTS */;
/*!40101 SET COLLATION_CONNECTION=@OLD_COLLATION_CONNECTION */;
